main,Thread 0,Thread 1,Thread 2,Thread 3,Thread 4,Thread 5,Thread 6,Thread 7
"",Push START,"","","","","","",""
"",Push END,"","","","","","",""
"",Push START,"","","","","","",""
"",Push END,"","","","","","",""
"",Push START,"","","","","","",""
"",Push END,"","","","","","",""
"",Push START,"","","","","","",""
"",Push END,"","","","","","",""
"",Push START,"","","","","","",""
"",Push END,"","","","","","",""
"","",Push START,"","","","","",""
"","",Push END,"","","","","",""
"","",Push START,"","","","","",""
"","",Push END,"","","","","",""
"","",Push START,"","","","","",""
"","",Push END,"","","","","",""
"","",Push START,"","","","","",""
"","",Push END,"","","","","",""
"","",Push START,"","","","","",""
"","",Push END,"","","","","",""
"","","",Pop START,"","","","",""
"","","",Pop END,"","","","",""
"","","",Pop START,"","","","",""
"","","",Pop END,"","","","",""
"","","",Pop START,"","","","",""
"","","",Pop END,"","","","",""
"","","",Pop START,"","","","",""
"","","",Pop END,"","","","",""
"","","",Pop START,"","","","",""
"","","",Pop END,"","","","",""
"","","","",Pop START,"","","",""
"","","","",Pop END,"","","",""
"","","","",Pop START,"","","",""
"","","","",Pop END,"","","",""
"","","","",Pop START,"","","",""
"","","","",Pop END,"","","",""
"","","","",Pop START,"","","",""
"","","","",Pop END,"","","",""
"","","","",Pop START,"","","",""
"","","","",Pop END,"","","",""
"","","","","","","","",toString START
"","","","","","","","",toString END
"","","","","","","","",toString START
"","","","","","","","",toString END
"","","","","","","","",toString START
"","","","","","","","",toString END
"","","","","","","","",toString START
"","","","","","","","",toString END
"","","","","","","","",toString START
"","","","","","","","",toString END
"","","","","","","",toString START,""
"","","","","","","",toString END,""
"","","","","","","",toString START,""
"","","","","","","",toString END,""
"","","","","","","",toString START,""
"","","","","","","",toString END,""
"","","","","","","",toString START,""
"","","","","","","",toString END,""
"","","","","","","",toString START,""
"","","","","","","",toString END,""
"","","","","","",Equals START,"",""
"","","","","","",Equals END,"",""
"","","","","","",Equals START,"",""
"","","","","","",Equals END,"",""
"","","","","","",Equals START,"",""
"","","","","","",Equals END,"",""
"","","","","","",Equals START,"",""
"","","","","","",Equals END,"",""
"","","","","","",Equals START,"",""
"","","","","","",Equals END,"",""
"","","","","",Equals START,"","",""
"","","","","",Equals END,"","",""
"","","","","",Equals START,"","",""
"","","","","",Equals END,"","",""
"","","","","",Equals START,"","",""
"","","","","",Equals END,"","",""
"","","","","",Equals START,"","",""
"","","","","",Equals END,"","",""
"","","","","",Equals START,"","",""
"","","","","",Equals END,"","",""
